{
  "display": {
    "icon": {
      "item": "minecraft:book"
    },
    "title": "Tinkerer's Craft",
    "description": "As if the nether update wasn't enough",
    "frame": "task",
    "background": "minecraft:textures/block/polished_blackstone_bricks.png",
    "show_toast": false,
    "announce_to_chat": true,
    "hidden": false
  },
  "rewards": {
    "function": "tinkererscraft:advancements/guide_book"
  },
  "criteria": {
    "found_bastion": {
      "trigger": "minecraft:location",
      "conditions": {
        "location": {
          "feature": "bastion_remnant"
        }
      }
    }
  }
}
