{
  "display": {
    "icon": {
      "item": "minecraft:netherite_ingot"
    },
    "title": "The True Endgame",
    "description": "Produce Obdiam by using a diamond catalyst, causing 3 irgol and 8 obsidian to react!",
    "frame": "goal",
    "show_toast": true,
    "announce_to_chat": true,
    "hidden": false
  },
  "parent": "tinkererscraft:smeltery/capacity/upgrade",
  "rewards": {
    "experience": 100
  },
  "criteria": {
    "impossible": {
      "trigger": "minecraft:impossible"
    }
  }
}
